-- insert users into auth service
INSERT INTO users (user_identification, username, password, authorities, activated)
VALUES ('7a7738d3-6261-432f-b5a6-24699afa2b19', 'dummydriver1', '$2a$10$fWNTd3H.u7G/aNROVQSifebOkZ2xzU5nUPOCI2Ld42M8E25/ljJqK', 'ROLE_DRIVER', true);
INSERT INTO users (user_identification, username, password, authorities, activated)
VALUES ('54cc1d90-363a-4cbe-9d62-28508b3f3323', 'dummydriver2', '$2a$10$fWNTd3H.u7G/aNROVQSifebOkZ2xzU5nUPOCI2Ld42M8E25/ljJqK', 'ROLE_DRIVER', true);
INSERT INTO users (user_identification, username, password, authorities, activated)
VALUES ('fc1bff50-e632-423d-b74d-644ac328f47a', 'dummydriver3', '$2a$10$fWNTd3H.u7G/aNROVQSifebOkZ2xzU5nUPOCI2Ld42M8E25/ljJqK', 'ROLE_DRIVER', true);
INSERT INTO users (user_identification, username, password, authorities, activated)
VALUES ('06cec320-8c1e-4d51-b127-0b76303757ac', 'dummydriver4', '$2a$10$fWNTd3H.u7G/aNROVQSifebOkZ2xzU5nUPOCI2Ld42M8E25/ljJqK', 'ROLE_DRIVER', true);
INSERT INTO users (user_identification, username, password, authorities, activated)
VALUES ('fa5f3ee7-07d8-474c-947a-6c3d7adca540', 'dummydriver5', '$2a$10$fWNTd3H.u7G/aNROVQSifebOkZ2xzU5nUPOCI2Ld42M8E25/ljJqK', 'ROLE_DRIVER', true);
INSERT INTO users (user_identification, username, password, authorities, activated)
VALUES ('3b69e750-d1f9-488c-8d57-32a7aebb5628', 'dummydriver6', '$2a$10$fWNTd3H.u7G/aNROVQSifebOkZ2xzU5nUPOCI2Ld42M8E25/ljJqK', 'ROLE_DRIVER', true);
INSERT INTO users (user_identification, username, password, authorities, activated)
VALUES ('605a8d82-0142-47e7-809a-6569ca437ebe', 'dummydriver7', '$2a$10$fWNTd3H.u7G/aNROVQSifebOkZ2xzU5nUPOCI2Ld42M8E25/ljJqK', 'ROLE_DRIVER', true);
INSERT INTO users (user_identification, username, password, authorities, activated)
VALUES ('3d774cac-91ef-4ee8-8aa0-385f909134e1', 'dummydriver8', '$2a$10$fWNTd3H.u7G/aNROVQSifebOkZ2xzU5nUPOCI2Ld42M8E25/ljJqK', 'ROLE_DRIVER', true);
INSERT INTO users (user_identification, username, password, authorities, activated)
VALUES ('236f77b4-8b6e-4edf-8838-6648234b0ca6', 'dummydriver9', '$2a$10$fWNTd3H.u7G/aNROVQSifebOkZ2xzU5nUPOCI2Ld42M8E25/ljJqK', 'ROLE_DRIVER', true);
INSERT INTO users (user_identification, username, password, authorities, activated)
VALUES ('34b04dd7-a276-4115-9d9b-984ff25d29ac', 'dummydriver10', '$2a$10$fWNTd3H.u7G/aNROVQSifebOkZ2xzU5nUPOCI2Ld42M8E25/ljJqK', 'ROLE_DRIVER', true);
INSERT INTO users (user_identification, username, password, authorities, activated)
VALUES ('d819e3f9-928d-48ed-9797-70fff7ad79bd', 'dummydriver11', '$2a$10$fWNTd3H.u7G/aNROVQSifebOkZ2xzU5nUPOCI2Ld42M8E25/ljJqK', 'ROLE_DRIVER', true);
INSERT INTO users (user_identification, username, password, authorities, activated)
VALUES ('7c8347d0-f017-4250-bb01-289f7ece30e6', 'dummydriver12', '$2a$10$fWNTd3H.u7G/aNROVQSifebOkZ2xzU5nUPOCI2Ld42M8E25/ljJqK', 'ROLE_DRIVER', true);
INSERT INTO users (user_identification, username, password, authorities, activated)
VALUES ('5fcdda56-7c24-42de-9f21-f9534fb2db4d', 'dummydriver13', '$2a$10$fWNTd3H.u7G/aNROVQSifebOkZ2xzU5nUPOCI2Ld42M8E25/ljJqK', 'ROLE_DRIVER', true);
INSERT INTO users (user_identification, username, password, authorities, activated)
VALUES ('d177e467-5ed9-47f7-b9f9-e50a7dcfffc7', 'dummydriver14', '$2a$10$fWNTd3H.u7G/aNROVQSifebOkZ2xzU5nUPOCI2Ld42M8E25/ljJqK', 'ROLE_DRIVER', true);
INSERT INTO users (user_identification, username, password, authorities, activated)
VALUES ('6e61ac4c-be30-484e-922a-de34573cbff6', 'dummydriver15', '$2a$10$fWNTd3H.u7G/aNROVQSifebOkZ2xzU5nUPOCI2Ld42M8E25/ljJqK', 'ROLE_DRIVER', true);
INSERT INTO users (user_identification, username, password, authorities, activated)
VALUES ('f3300334-056a-4f32-b5a8-a9de6fff9768', 'dummydriver16', '$2a$10$fWNTd3H.u7G/aNROVQSifebOkZ2xzU5nUPOCI2Ld42M8E25/ljJqK', 'ROLE_DRIVER', true);
INSERT INTO users (user_identification, username, password, authorities, activated)
VALUES ('03614ba5-96a4-4911-bcf3-fcfe1397e597', 'dummydriver17', '$2a$10$fWNTd3H.u7G/aNROVQSifebOkZ2xzU5nUPOCI2Ld42M8E25/ljJqK', 'ROLE_DRIVER', true);
INSERT INTO users (user_identification, username, password, authorities, activated)
VALUES ('18e05031-25c4-4541-a54b-69f1a156d9f6', 'dummydriver18', '$2a$10$fWNTd3H.u7G/aNROVQSifebOkZ2xzU5nUPOCI2Ld42M8E25/ljJqK', 'ROLE_DRIVER', true);
INSERT INTO users (user_identification, username, password, authorities, activated)
VALUES ('4f339d5e-743e-4b5e-a5fa-670c0c4e0b55', 'dummydriver19', '$2a$10$fWNTd3H.u7G/aNROVQSifebOkZ2xzU5nUPOCI2Ld42M8E25/ljJqK', 'ROLE_DRIVER', true);
INSERT INTO users (user_identification, username, password, authorities, activated)
VALUES ('d59b49c4-4507-417d-a9e9-b67209be53ab', 'dummydriver20', '$2a$10$fWNTd3H.u7G/aNROVQSifebOkZ2xzU5nUPOCI2Ld42M8E25/ljJqK', 'ROLE_DRIVER', true);

-- insert users into accounts
INSERT INTO accounts (user_identification, username, email, phone_number, first_name, last_name, role, is_active, account_type)
VALUES ('7a7738d3-6261-432f-b5a6-24699afa2b19', 'dummydriver1', 'dummydriver1@gmail.com', '+351914111111', 'Dummy', 'Driver1', 'ROLE_DRIVER', true, 'MOBILE');
INSERT INTO accounts (user_identification, username, email, phone_number, first_name, last_name, role, is_active, account_type)
VALUES ('54cc1d90-363a-4cbe-9d62-28508b3f3323', 'dummydriver2', 'dummydriver1@gmail.com', '+351911111112', 'Dummy', 'Driver2', 'ROLE_DRIVER', true, 'MOBILE');
INSERT INTO accounts (user_identification, username, email, phone_number, first_name, last_name, role, is_active, account_type)
VALUES ('fc1bff50-e632-423d-b74d-644ac328f47a', 'dummydriver3', 'dummydriver1@gmail.com', '+351911111113', 'Dummy', 'Driver3', 'ROLE_DRIVER', true, 'MOBILE');
INSERT INTO accounts (user_identification, username, email, phone_number, first_name, last_name, role, is_active, account_type)
VALUES ('06cec320-8c1e-4d51-b127-0b76303757ac', 'dummydriver4', 'dummydriver1@gmail.com', '+351911111114', 'Dummy', 'Driver4', 'ROLE_DRIVER', true, 'MOBILE');
INSERT INTO accounts (user_identification, username, email, phone_number, first_name, last_name, role, is_active, account_type)
VALUES ('fa5f3ee7-07d8-474c-947a-6c3d7adca540', 'dummydriver5', 'dummydriver1@gmail.com', '+351911111115', 'Dummy', 'Driver5', 'ROLE_DRIVER', true, 'MOBILE');
INSERT INTO accounts (user_identification, username, email, phone_number, first_name, last_name, role, is_active, account_type)
VALUES ('3b69e750-d1f9-488c-8d57-32a7aebb5628', 'dummydriver6', 'dummydriver1@gmail.com', '+351911111116', 'Dummy', 'Driver6', 'ROLE_DRIVER', true, 'MOBILE');
INSERT INTO accounts (user_identification, username, email, phone_number, first_name, last_name, role, is_active, account_type)
VALUES ('605a8d82-0142-47e7-809a-6569ca437ebe', 'dummydriver7', 'dummydriver1@gmail.com', '+351911111117', 'Dummy', 'Driver7', 'ROLE_DRIVER', true, 'MOBILE');
INSERT INTO accounts (user_identification, username, email, phone_number, first_name, last_name, role, is_active, account_type)
VALUES ('3d774cac-91ef-4ee8-8aa0-385f909134e1', 'dummydriver8', 'dummydriver1@gmail.com', '+351911111118', 'Dummy', 'Driver8', 'ROLE_DRIVER', true, 'MOBILE');
INSERT INTO accounts (user_identification, username, email, phone_number, first_name, last_name, role, is_active, account_type)
VALUES ('236f77b4-8b6e-4edf-8838-6648234b0ca6', 'dummydriver9', 'dummydriver1@gmail.com', '+351911111119', 'Dummy', 'Driver9', 'ROLE_DRIVER', true, 'MOBILE');
INSERT INTO accounts (user_identification, username, email, phone_number, first_name, last_name, role, is_active, account_type)
VALUES ('34b04dd7-a276-4115-9d9b-984ff25d29ac', 'dummydriver10', 'dummydriver1@gmail.com', '+351911111121', 'Dummy', 'Driver10', 'ROLE_DRIVER', true, 'MOBILE');
INSERT INTO accounts (user_identification, username, email, phone_number, first_name, last_name, role, is_active, account_type)
VALUES ('d819e3f9-928d-48ed-9797-70fff7ad79bd', 'dummydriver11', 'dummydriver1@gmail.com', '+351911111131', 'Dummy', 'Driver11', 'ROLE_DRIVER', true, 'MOBILE');
INSERT INTO accounts (user_identification, username, email, phone_number, first_name, last_name, role, is_active, account_type)
VALUES ('7c8347d0-f017-4250-bb01-289f7ece30e6', 'dummydriver12', 'dummydriver1@gmail.com', '+351911111141', 'Dummy', 'Driver12', 'ROLE_DRIVER', true, 'MOBILE');
INSERT INTO accounts (user_identification, username, email, phone_number, first_name, last_name, role, is_active, account_type)
VALUES ('5fcdda56-7c24-42de-9f21-f9534fb2db4d', 'dummydriver13', 'dummydriver1@gmail.com', '+351911111151', 'Dummy', 'Driver13', 'ROLE_DRIVER', true, 'MOBILE');
INSERT INTO accounts (user_identification, username, email, phone_number, first_name, last_name, role, is_active, account_type)
VALUES ('d177e467-5ed9-47f7-b9f9-e50a7dcfffc7', 'dummydriver14', 'dummydriver1@gmail.com', '+351911111161', 'Dummy', 'Driver14', 'ROLE_DRIVER', true, 'MOBILE');
INSERT INTO accounts (user_identification, username, email, phone_number, first_name, last_name, role, is_active, account_type)
VALUES ('6e61ac4c-be30-484e-922a-de34573cbff6', 'dummydriver15', 'dummydriver1@gmail.com', '+351911111171', 'Dummy', 'Driver15', 'ROLE_DRIVER', true, 'MOBILE');
INSERT INTO accounts (user_identification, username, email, phone_number, first_name, last_name, role, is_active, account_type)
VALUES ('f3300334-056a-4f32-b5a8-a9de6fff9768', 'dummydriver16', 'dummydriver1@gmail.com', '+351911111181', 'Dummy', 'Driver16', 'ROLE_DRIVER', true, 'MOBILE');
INSERT INTO accounts (user_identification, username, email, phone_number, first_name, last_name, role, is_active, account_type)
VALUES ('03614ba5-96a4-4911-bcf3-fcfe1397e597', 'dummydriver17', 'dummydriver1@gmail.com', '+351911111191', 'Dummy', 'Driver17', 'ROLE_DRIVER', true, 'MOBILE');
INSERT INTO accounts (user_identification, username, email, phone_number, first_name, last_name, role, is_active, account_type)
VALUES ('18e05031-25c4-4541-a54b-69f1a156d9f6', 'dummydriver18', 'dummydriver1@gmail.com', '+351911111211', 'Dummy', 'Driver18', 'ROLE_DRIVER', true, 'MOBILE');
INSERT INTO accounts (user_identification, username, email, phone_number, first_name, last_name, role, is_active, account_type)
VALUES ('4f339d5e-743e-4b5e-a5fa-670c0c4e0b55', 'dummydriver19', 'dummydriver1@gmail.com', '+351911111311', 'Dummy', 'Driver19', 'ROLE_DRIVER', true, 'MOBILE');
INSERT INTO accounts (user_identification, username, email, phone_number, first_name, last_name, role, is_active, account_type)
VALUES ('d59b49c4-4507-417d-a9e9-b67209be53ab', 'dummydriver20', 'dummydriver1@gmail.com', '+351911111411', 'Dummy', 'Driver20', 'ROLE_DRIVER', true, 'MOBILE');

-- insert fiscal entity
INSERT INTO public.fiscal_entities(fiscal_entity_identification, name, email, phone_number, fiscal_number, bank_account_holder_name, bank_account_iban, bank_account_country_code, active_address_id, active_billing_address_id, status, entity_validated, created_by, created_date, last_modified_by, last_modified_date, payment_frequency)
VALUES ('7b9ad954-5f8f-4b23-a7e0-4b19590058b8', 'Dummy Fiscal Entity', 'dummy@fiscalentity.com', '+351911111111', '500123568', 'Dummy Fiscal Entity', 'PT87003506516825426575396', 'PT', null, null, 'ACTIVE', true, 'generated', CURRENT_TIMESTAMP, 'generated', CURRENT_TIMESTAMP, 'DAILY');

-- insert drivers
INSERT INTO public.drivers(user_identification, driver_identification, fiscal_entity_identification, latitude, longitude, driver_rating, status, entity_validated, created_by, created_date, last_modified_by, last_modified_date)
VALUES ('7a7738d3-6261-432f-b5a6-24699afa2b19', 'face6b00-bd9b-4f1a-937c-58eebced3e36', '7b9ad954-5f8f-4b23-a7e0-4b19590058b8', 41.14961, -8.61099, 4, 'AVAILABLE', true, 'generated', CURRENT_TIMESTAMP, 'generated', CURRENT_TIMESTAMP);
INSERT INTO public.drivers(user_identification, driver_identification, fiscal_entity_identification, latitude, longitude, driver_rating, status, entity_validated, created_by, created_date, last_modified_by, last_modified_date)
VALUES ('54cc1d90-363a-4cbe-9d62-28508b3f3323', 'b94f9af4-64bc-4dc2-a4a8-db30af13584d', '7b9ad954-5f8f-4b23-a7e0-4b19590058b8', 41.14961, -8.61099, 4, 'AVAILABLE', true, 'generated', CURRENT_TIMESTAMP, 'generated', CURRENT_TIMESTAMP);
INSERT INTO public.drivers(user_identification, driver_identification, fiscal_entity_identification, latitude, longitude, driver_rating, status, entity_validated, created_by, created_date, last_modified_by, last_modified_date)
VALUES ('fc1bff50-e632-423d-b74d-644ac328f47a', '8eb2d65e-78ba-4403-a1d6-8b33c4206a67', '7b9ad954-5f8f-4b23-a7e0-4b19590058b8', 41.14961, -8.61099, 4, 'AVAILABLE', true, 'generated', CURRENT_TIMESTAMP, 'generated', CURRENT_TIMESTAMP);
INSERT INTO public.drivers(user_identification, driver_identification, fiscal_entity_identification, latitude, longitude, driver_rating, status, entity_validated, created_by, created_date, last_modified_by, last_modified_date)
VALUES ('06cec320-8c1e-4d51-b127-0b76303757ac', 'f06582d5-c6c9-4e3f-95bb-22aaa092db69', '7b9ad954-5f8f-4b23-a7e0-4b19590058b8', 41.14961, -8.61099, 4, 'AVAILABLE', true, 'generated', CURRENT_TIMESTAMP, 'generated', CURRENT_TIMESTAMP);
INSERT INTO public.drivers(user_identification, driver_identification, fiscal_entity_identification, latitude, longitude, driver_rating, status, entity_validated, created_by, created_date, last_modified_by, last_modified_date)
VALUES ('fa5f3ee7-07d8-474c-947a-6c3d7adca540', '1722ce45-9d2c-48bd-bdbc-4d56770f3a71', '7b9ad954-5f8f-4b23-a7e0-4b19590058b8', 41.14961, -8.61099, 4, 'AVAILABLE', true, 'generated', CURRENT_TIMESTAMP, 'generated', CURRENT_TIMESTAMP);
INSERT INTO public.drivers(user_identification, driver_identification, fiscal_entity_identification, latitude, longitude, driver_rating, status, entity_validated, created_by, created_date, last_modified_by, last_modified_date)
VALUES ('3b69e750-d1f9-488c-8d57-32a7aebb5628', '97a63c11-6fff-4cd0-bd0e-028b9e4b7d23', '7b9ad954-5f8f-4b23-a7e0-4b19590058b8', 41.14961, -8.61099, 4, 'AVAILABLE', true, 'generated', CURRENT_TIMESTAMP, 'generated', CURRENT_TIMESTAMP);
INSERT INTO public.drivers(user_identification, driver_identification, fiscal_entity_identification, latitude, longitude, driver_rating, status, entity_validated, created_by, created_date, last_modified_by, last_modified_date)
VALUES ('605a8d82-0142-47e7-809a-6569ca437ebe', '480e9a85-915b-4d75-a9f0-05d6f1dec6f2', '7b9ad954-5f8f-4b23-a7e0-4b19590058b8', 41.14961, -8.61099, 4, 'AVAILABLE', true, 'generated', CURRENT_TIMESTAMP, 'generated', CURRENT_TIMESTAMP);
INSERT INTO public.drivers(user_identification, driver_identification, fiscal_entity_identification, latitude, longitude, driver_rating, status, entity_validated, created_by, created_date, last_modified_by, last_modified_date)
VALUES ('3d774cac-91ef-4ee8-8aa0-385f909134e1', 'ead64da5-b8a5-49bc-add0-cee1101eff08', '7b9ad954-5f8f-4b23-a7e0-4b19590058b8', 41.14961, -8.61099, 4, 'AVAILABLE', true, 'generated', CURRENT_TIMESTAMP, 'generated', CURRENT_TIMESTAMP);
INSERT INTO public.drivers(user_identification, driver_identification, fiscal_entity_identification, latitude, longitude, driver_rating, status, entity_validated, created_by, created_date, last_modified_by, last_modified_date)
VALUES ('236f77b4-8b6e-4edf-8838-6648234b0ca6', '9212559d-bdb8-410d-b2d8-19ab4375ad43', '7b9ad954-5f8f-4b23-a7e0-4b19590058b8', 41.14961, -8.61099, 4, 'AVAILABLE', true, 'generated', CURRENT_TIMESTAMP, 'generated', CURRENT_TIMESTAMP);
INSERT INTO public.drivers(user_identification, driver_identification, fiscal_entity_identification, latitude, longitude, driver_rating, status, entity_validated, created_by, created_date, last_modified_by, last_modified_date)
VALUES ('34b04dd7-a276-4115-9d9b-984ff25d29ac', '62ef6a60-eff0-495a-ad09-7f797ff61ce7', '7b9ad954-5f8f-4b23-a7e0-4b19590058b8', 41.14961, -8.61099, 4, 'AVAILABLE', true, 'generated', CURRENT_TIMESTAMP, 'generated', CURRENT_TIMESTAMP);
INSERT INTO public.drivers(user_identification, driver_identification, fiscal_entity_identification, latitude, longitude, driver_rating, status, entity_validated, created_by, created_date, last_modified_by, last_modified_date)
VALUES ('d819e3f9-928d-48ed-9797-70fff7ad79bd', 'eef05efd-bac2-4638-ba41-aa9a8742b593', '7b9ad954-5f8f-4b23-a7e0-4b19590058b8', 41.14961, -8.61099, 4, 'AVAILABLE', true, 'generated', CURRENT_TIMESTAMP, 'generated', CURRENT_TIMESTAMP);
INSERT INTO public.drivers(user_identification, driver_identification, fiscal_entity_identification, latitude, longitude, driver_rating, status, entity_validated, created_by, created_date, last_modified_by, last_modified_date)
VALUES ('7c8347d0-f017-4250-bb01-289f7ece30e6', '936a8195-9147-4b05-b5a4-9937e3b7ba95', '7b9ad954-5f8f-4b23-a7e0-4b19590058b8', 41.14961, -8.61099, 4, 'AVAILABLE', true, 'generated', CURRENT_TIMESTAMP, 'generated', CURRENT_TIMESTAMP);
INSERT INTO public.drivers(user_identification, driver_identification, fiscal_entity_identification, latitude, longitude, driver_rating, status, entity_validated, created_by, created_date, last_modified_by, last_modified_date)
VALUES ('5fcdda56-7c24-42de-9f21-f9534fb2db4d', '3136baf5-c963-4285-90e6-90f618748927', '7b9ad954-5f8f-4b23-a7e0-4b19590058b8', 41.14961, -8.61099, 4, 'AVAILABLE', true, 'generated', CURRENT_TIMESTAMP, 'generated', CURRENT_TIMESTAMP);
INSERT INTO public.drivers(user_identification, driver_identification, fiscal_entity_identification, latitude, longitude, driver_rating, status, entity_validated, created_by, created_date, last_modified_by, last_modified_date)
VALUES ('d177e467-5ed9-47f7-b9f9-e50a7dcfffc7', 'c5e2db64-f7f8-47b9-8260-bdee9c28bcd4', '7b9ad954-5f8f-4b23-a7e0-4b19590058b8', 41.14961, -8.61099, 4, 'AVAILABLE', true, 'generated', CURRENT_TIMESTAMP, 'generated', CURRENT_TIMESTAMP);
INSERT INTO public.drivers(user_identification, driver_identification, fiscal_entity_identification, latitude, longitude, driver_rating, status, entity_validated, created_by, created_date, last_modified_by, last_modified_date)
VALUES ('6e61ac4c-be30-484e-922a-de34573cbff6', '621c2ee7-8da6-45b1-989a-96881fe84ce7', '7b9ad954-5f8f-4b23-a7e0-4b19590058b8', 41.14961, -8.61099, 4, 'AVAILABLE', true, 'generated', CURRENT_TIMESTAMP, 'generated', CURRENT_TIMESTAMP);
INSERT INTO public.drivers(user_identification, driver_identification, fiscal_entity_identification, latitude, longitude, driver_rating, status, entity_validated, created_by, created_date, last_modified_by, last_modified_date)
VALUES ('f3300334-056a-4f32-b5a8-a9de6fff9768', '810d2650-54ba-4e98-94f9-f49986c70cd2', '7b9ad954-5f8f-4b23-a7e0-4b19590058b8', 41.14961, -8.61099, 4, 'AVAILABLE', true, 'generated', CURRENT_TIMESTAMP, 'generated', CURRENT_TIMESTAMP);
INSERT INTO public.drivers(user_identification, driver_identification, fiscal_entity_identification, latitude, longitude, driver_rating, status, entity_validated, created_by, created_date, last_modified_by, last_modified_date)
VALUES ('03614ba5-96a4-4911-bcf3-fcfe1397e597', 'f28d8c9e-464a-4675-a688-18543fa2e4d4', '7b9ad954-5f8f-4b23-a7e0-4b19590058b8', 41.14961, -8.61099, 4, 'AVAILABLE', true, 'generated', CURRENT_TIMESTAMP, 'generated', CURRENT_TIMESTAMP);
INSERT INTO public.drivers(user_identification, driver_identification, fiscal_entity_identification, latitude, longitude, driver_rating, status, entity_validated, created_by, created_date, last_modified_by, last_modified_date)
VALUES ('18e05031-25c4-4541-a54b-69f1a156d9f6', '56064849-ca91-4c39-a13d-8417c42506ae', '7b9ad954-5f8f-4b23-a7e0-4b19590058b8', 41.14961, -8.61099, 4, 'AVAILABLE', true, 'generated', CURRENT_TIMESTAMP, 'generated', CURRENT_TIMESTAMP);
INSERT INTO public.drivers(user_identification, driver_identification, fiscal_entity_identification, latitude, longitude, driver_rating, status, entity_validated, created_by, created_date, last_modified_by, last_modified_date)
VALUES ('4f339d5e-743e-4b5e-a5fa-670c0c4e0b55', 'f830d1d3-dd1b-4483-b832-bcbd75a8ff28', '7b9ad954-5f8f-4b23-a7e0-4b19590058b8', 41.14961, -8.61099, 4, 'AVAILABLE', true, 'generated', CURRENT_TIMESTAMP, 'generated', CURRENT_TIMESTAMP);
INSERT INTO public.drivers(user_identification, driver_identification, fiscal_entity_identification, latitude, longitude, driver_rating, status, entity_validated, created_by, created_date, last_modified_by, last_modified_date)
VALUES ('d59b49c4-4507-417d-a9e9-b67209be53ab', '101cd324-11d9-44f6-b5cc-5fa2163a81b3', '7b9ad954-5f8f-4b23-a7e0-4b19590058b8', 41.14961, -8.61099, 4, 'AVAILABLE', true, 'generated', CURRENT_TIMESTAMP, 'generated', CURRENT_TIMESTAMP);

INSERT INTO public.payment_details(
	id, payment_detail_identification, payment_detail_type, entity_identification, entity_type, payment_email, payment_fiscal_number, payment_phone_number, card_last_four_digits, card_type, card_expiry_date, payment_token, external_entity, external_entity_identification, status, created_by, created_date, last_modified_by, last_modified_date)
	VALUES (1, '17946e9c-f515-476d-8d75-6e50f69a1b0d', 'CREDITCARD', 'ec61b778-901c-46fb-8c58-717e54ce1313', 'MARKETPLACE', 'dummy@marketplace.pt', '500365896', '+3519145871', '0000', 'VISA', '11/24', null, 'EASYPAY', 'ced34151-07a4-4967-b087-1301b04db12b', 'ACCEPTED', 'generated', CURRENT_TIMESTAMP, 'generated', CURRENT_TIMESTAMP);

-- insert market place
INSERT INTO public.customers(customer_identification, name, public_name, customer_email, customer_phone_number, customer_website, nif, active_address_id, active_billing_address_id, active_payment_details_id, api_key, private_key, status, entity_validated, customer_callback_url, created_by, created_date, last_modified_by, last_modified_date)
VALUES ('ec61b778-901c-46fb-8c58-717e54ce1313', 'Dummy Marketplace', 'Dummy Marketplace - Public Name', 'dummy@marketplace.pt', '+3519145871', 'www.marketplace.pt', '500365896', null, null, '17946e9c-f515-476d-8d75-6e50f69a1b0d', '122ae2edd27eed35f375a7f4838305130e2a7daedd6abccedea99c4ecb91abce', 'da48ad95f2d8e73711cf74e2bdd62f1c7d6a31424b3fd3d66e187e15d3d4fae9', 'ACTIVE', true, 'https://dummyurl.marketplace.pt' , 'generated', CURRENT_TIMESTAMP, 'generated', CURRENT_TIMESTAMP);